X,Y,Z,Q0,Qx,Qy,Qz,Error
-6.99992,8.30645,27.1813,0.151773,0.145049,0.691372,0.691325,3.31686
