X,Y,Z,Q0,Qx,Qy,Qz,Error
-2.86832,2.63007,-15.5072,-0.326784,-0.0177402,-0.0209265,0.944701,0.0600416
