X,Y,Z,Q0,Qx,Qy,Qz,Error
7.39698,-7.67021,64.9339,0.702578,0.693822,-0.11541,-0.108051,1.43479
