X,Y,Z,Q0,Qx,Qy,Qz,Error
1.00572,-2.89498,-13.0518,0.60727,0.0102955,0.0544054,0.792564,0.00656359
