X,Y,Z,Q0,Qx,Qy,Qz,Error
-234.906,-121.362,-40.1308,-0.603731,0.627024,-0.349765,0.34643,1.91272
